{"PolicyTraining/MeanVVals":-20.020233154296875,"_step":7,"PolicyTraining/MeanQ2Vals":-22.46817398071289,"Pairwise Similarity Matrix":{"format":"png","width":2,"height":2,"_type":"image-file","sha256":"88d79aaa4f522736d85076def7ed80e8aaa179550b1f4b4b8d96aaf1edf6f470","size":71,"path":"media/images/Pairwise Similarity Matrix_7_88d79aaa4f522736d850.png"},"PolicyTraining/MeanQ1Vals":-22.46817398071289,"_wandb":{"runtime":75},"_runtime":59.414655,"_timestamp":1.736322939933654e+09,"PolicyTraining/QfLoss":5.270256996154785,"PolicyTraining/PolicyLoss":21.225048065185547,"PolicyTraining/VfLoss":2.1208415031433105}