{"PolicyTraining/VfLoss":294.2529296875,"_timestamp":1.7363344496861608e+09,"TaskEmbedding/MeanTaskEmbedding":[[-0.21763530373573303,-0.6409144401550293,-0.017587892711162567,-0.23243167996406555,0.6982048153877258],[0.22975462675094604,0.6439140439033508,0.0366811528801918,0.24959737062454224,-0.6843311786651611]],"TaskEmbedding/MeanContrastiveLoss":0.965261697769165,"TaskEmbeddingOverEpisodes/MaxTaskEmbeddingChange":0.9999631643295288,"PolicyTraining/MeanQ2Vals":-22.43203353881836,"_step":5,"PolicyTraining/MeanQ1Vals":-22.43203353881836,"TaskEmbeddingRelationship/StdCosineSimilarity (higher is worse)":0,"TaskEmbeddingOverEpisodes/MeanTaskEmbeddingChange":0.9995973110198975,"TaskEmbeddingRelationship/MinCosineSimilarity (higher is worse)":-0.9994961023330688,"TaskEmbeddingRelationship/MaxCosineSimilarity (higher is worse)":-0.9994961023330688,"PolicyTraining/MeanVVals":-4.447525501251221,"_wandb":{"runtime":36},"_runtime":35.600347,"TaskEmbeddingRelationship/MeanCosineSimilarity (higher is worse)":-0.9994961023330688,"PolicyTraining/QfLoss":13.088743209838867,"PolicyTraining/PolicyLoss":21.23613739013672,"TaskEmbeddingOverEpisodes/MinTaskEmbeddingChange":0.9992313981056213}