{"PolicyTraining/MeanQ1Vals":-22.46817398071289,"_runtime":60.620615,"_timestamp":1.736334392062776e+09,"TaskEmbeddingOverEpisodes/MinTaskEmbeddingChange":0.9997467398643494,"TaskEmbeddingRelationship/MeanCosineSimilarity (higher is worse)":-0.9996705055236816,"TaskEmbedding/MeanContrastiveLoss":0.9650459289550781,"TaskEmbeddingOverEpisodes/MeanTaskEmbeddingChange":0.9998650550842285,"TaskEmbedding/MeanTaskEmbedding":[[-0.22746260464191437,-0.643850564956665,-0.02217928133904934,-0.2334671914577484,0.6918526291847229],[0.20838980376720428,0.640471339225769,0.015555338002741337,0.22407270967960358,-0.7041621804237366]],"PolicyTraining/VfLoss":2.1208415031433105,"PolicyTraining/MeanVVals":-20.020233154296875,"PolicyTraining/QfLoss":5.270256996154785,"TaskEmbeddingRelationship/MinCosineSimilarity (higher is worse)":-0.9996705055236816,"TaskEmbeddingOverEpisodes/MaxTaskEmbeddingChange":0.9999833703041077,"TaskEmbeddingRelationship/MaxCosineSimilarity (higher is worse)":-0.9996705055236816,"PolicyTraining/PolicyLoss":21.225048065185547,"_wandb":{"runtime":63},"PolicyTraining/MeanQ2Vals":-22.46817398071289,"TaskEmbeddingRelationship/StdCosineSimilarity (higher is worse)":0,"_step":10}