{"PolicyTraining/VfLoss":0.1432579606771469,"PolicyTraining/MeanQ1Vals":-97.0080337524414,"TaskEmbedding/MeanCosineSimilarity":-0.9988728761672974,"PolicyTraining/PolicyLoss":96.53844451904297,"PolicyTraining/QfLoss":0.605204164981842,"_wandb":{"runtime":442},"TaskEmbedding/MeanTaskEmbedding":{"height":2,"_type":"image-file","sha256":"91701dfc51e8c81910f8a74e7bb47b171b1d49d402197bb8588960c01cafa523","size":78,"path":"media/images/TaskEmbedding/MeanTaskEmbedding_42_91701dfc51e8c81910f8.png","format":"png","width":5},"_runtime":436.950395,"TaskEmbedding/MaxCosineSimilarity":-0.9988728761672974,"PolicyTraining/MeanQ2Vals":-97.0080337524414,"TaskEmbedding/StdCosineSimilarity":0,"_step":42,"TaskEmbedding/MeanTaskEmbeddingChange":0.9997986555099487,"_timestamp":1.7363252062679949e+09,"TaskEmbedding/MinTaskEmbeddingChange":0.9996681213378906,"PolicyTraining/MeanVVals":-96.48035430908203,"TaskEmbedding/MaxTaskEmbeddingChange":0.9999292492866516,"TaskEmbedding/MinCosineSimilarity":-0.9988728761672974,"TaskEmbedding/MeanContrastiveLoss":0.9660903215408325}