{"PolicyTraining/MeanVVals":-4.447525501251221,"_runtime":40.111084,"_timestamp":1.736336150305621e+09,"_wandb":{"runtime":40},"_step":8,"PolicyTraining/MeanQ2Vals":-22.43203353881836,"TaskEmbeddingOverEpisodes/MeanTaskEmbeddingChange":0.9995973110198975,"TaskEmbeddingOverEpisodes/MinTaskEmbeddingChange":0.9992313981056213,"TaskEmbedding/MeanContrastiveLoss":0.965261697769165,"PolicyTraining/MeanQ1Vals":-22.43203353881836,"TaskEmbedding/MeanTaskEmbedding":[[-0.21763530373573303,-0.6409144401550293,-0.017587892711162567,-0.23243167996406555,0.6982048153877258],[0.22975462675094604,0.6439140439033508,0.0366811528801918,0.24959737062454224,-0.6843311786651611]],"MetaTrain/task_1_embeddings":{"size":203,"artifact_path":"wandb-client-artifact://b0okukxk80j2czbe6zf6rtqlf0vaegltequm3bc7i6tahzwpgbneqw368ge0wgikj62ekph2n2c27y74pcmlyb3gp9duuocvnh1s2bq2aqlixxift0snaid31k1j27v6/MetaTrain/task_1_embeddings.table.json","_latest_artifact_path":"wandb-client-artifact://vzpr6c7dgawotvb5zeoqcsrr89xhpkujm9wt9phoobdymrnuxeo3w9dztvxconwi3yb69sujvfqr097dvzgnmccxet4ko6y0n070oatoqcb9wmvq4ybtmt8vd4qzedx4:latest/MetaTrain/task_1_embeddings.table.json","path":"media/table/MetaTrain/task_1_embeddings_8_a2624fc5fe200c3abd3a.table.json","ncols":5,"nrows":1,"_type":"table-file","sha256":"a2624fc5fe200c3abd3ad0545f026af35490f127564394c827f6ec8afe8a629e"},"TaskEmbeddingRelationship/MaxCosineSimilarity (higher is worse)":-0.9994961023330688,"TaskEmbeddingRelationship/MeanCosineSimilarity (higher is worse)":-0.9994961023330688,"TaskEmbeddingOverEpisodes/MaxTaskEmbeddingChange":0.9999631643295288,"TaskEmbeddingRelationship/MinCosineSimilarity (higher is worse)":-0.9994961023330688,"PolicyTraining/VfLoss":294.2529296875,"MetaTrain/task_0_embeddings":{"size":201,"artifact_path":"wandb-client-artifact://fqn3hl6jk4gau4nurc5r64bjbsfpnlw940vjz9mpu8uo2f2t1oj54cj2vffxh9v8ogdj5qth1h7ub1w0q6zqkdgqgu8tiovmloogamvezc2drt7nhm5p7r9d45nh13hh/MetaTrain/task_0_embeddings.table.json","_latest_artifact_path":"wandb-client-artifact://h4lbjl2drnav63vgzx8wy0xu4aj2rrzeoj0al8c4zf4ie7sbtk9vm8dc9ck8f7x5gvkwuxj7w7gkznq8hh87gim4zwuaifza4m9fs6hp05id7aic9eeafu43idjinwdi:latest/MetaTrain/task_0_embeddings.table.json","path":"media/table/MetaTrain/task_0_embeddings_7_4d1a01b51459751d7361.table.json","ncols":5,"nrows":1,"_type":"table-file","sha256":"4d1a01b51459751d73616c3a888e70941d75c67680593861e201c25831c066bc"},"PolicyTraining/QfLoss":13.088743209838867,"PolicyTraining/PolicyLoss":21.23613739013672,"TaskEmbeddingRelationship/StdCosineSimilarity (higher is worse)":0,"MetaTrain/rollouts":{"path":"media/images/MetaTrain/rollouts_6_1850f43da9dc3207b01c.png","format":"png","width":640,"height":480,"_type":"image-file","sha256":"1850f43da9dc3207b01c7a3ea141b3548061e05a28b880a42e1f20b2cf41eea5","size":17034}}