{"PolicyTraining/MeanQ2Vals":-22.43203353881836,"TaskEmbeddingOverEpisodes/MeanTaskEmbeddingChange":0.9995973110198975,"PolicyTraining/MeanQ1Vals":-22.43203353881836,"TaskEmbeddingRelationship/MinCosineSimilarity (higher is worse)":-0.9994961023330688,"PolicyTraining/MeanVVals":-4.447525501251221,"TaskEmbeddingOverEpisodes/MaxTaskEmbeddingChange":0.9999631643295288,"TaskEmbeddingRelationship/MeanCosineSimilarity (higher is worse)":-0.9994961023330688,"TaskEmbeddingOverEpisodes/MinTaskEmbeddingChange":0.9992313981056213,"_timestamp":1.7363357126568792e+09,"_runtime":37.879892,"TaskEmbedding/MeanContrastiveLoss":0.965261697769165,"_wandb":{"runtime":37},"PolicyTraining/VfLoss":294.2529296875,"TaskEmbeddingRelationship/MaxCosineSimilarity (higher is worse)":-0.9994961023330688,"TaskEmbedding/MeanTaskEmbedding":[[-0.21763530373573303,-0.6409144401550293,-0.017587892711162567,-0.23243167996406555,0.6982048153877258],[0.22975462675094604,0.6439140439033508,0.0366811528801918,0.24959737062454224,-0.6843311786651611]],"_step":6,"TaskEmbeddingRelationship/StdCosineSimilarity (higher is worse)":0,"PolicyTraining/PolicyLoss":21.23613739013672,"MetaTrain/rollouts":{"size":17034,"path":"media/images/MetaTrain/rollouts_6_1850f43da9dc3207b01c.png","format":"png","width":640,"height":480,"_type":"image-file","sha256":"1850f43da9dc3207b01c7a3ea141b3548061e05a28b880a42e1f20b2cf41eea5"},"PolicyTraining/QfLoss":13.088743209838867}