{"PolicyTraining/QfLoss":0.06772617250680923,"_runtime":321.156029,"TaskEmbedding/MeanContrastiveLoss":0.9647490978240967,"PolicyTraining/VfLoss":0.07170438766479492,"_timestamp":1.736325541712998e+09,"PolicyTraining/MeanVVals":-62.23256301879883,"_wandb":{"runtime":330},"TaskEmbedding/StdCosineSimilarity":0,"TaskEmbedding/MeanCosineSimilarity":-0.9999978542327881,"TaskEmbedding/MaxTaskEmbeddingChange":0.9999986290931702,"TaskEmbedding/MinCosineSimilarity":-0.9999978542327881,"TaskEmbedding/MeanTaskEmbedding":{"format":"png","width":5,"height":2,"_type":"image-file","sha256":"8364a4cc37fdc21f685a18f5f91027649515ca802a3131736e009b49d94f4828","size":77,"path":"media/images/TaskEmbedding/MeanTaskEmbedding_46_8364a4cc37fdc21f685a.png"},"_step":47,"TaskEmbedding/MeanTaskEmbeddingChange":0.999993085861206,"TaskEmbedding/MinTaskEmbeddingChange":0.9999875426292419,"TaskEmbedding/MaxCosineSimilarity":-0.9999978542327881,"PolicyTraining/MeanQ2Vals":-62.67565155029297,"PolicyTraining/PolicyLoss":62.23171615600586,"PolicyTraining/MeanQ1Vals":-62.67565155029297}