{"PolicyTraining/MeanQ2Vals":-26.797725677490234,"PolicyTraining/MeanVVals":-25.656660079956055,"_wandb":{"runtime":104},"_timestamp":1.7363247238140612e+09,"PolicyTraining/PolicyLoss":25.611448287963867,"TaskEmbedding/MinCosineSimilarity":-0.9988728761672974,"TaskEmbedding/MeanCosineSimilarity":-0.9988728761672974,"TaskEmbedding/StdCosineSimilarity":0,"TaskEmbedding/MeanTaskEmbedding":{"path":"media/images/TaskEmbedding/MeanTaskEmbedding_10_79635443d07dd4fae541.png","format":"png","width":5,"height":2,"_type":"image-file","sha256":"79635443d07dd4fae541cab7dbf2bfc16024de2a86718507293906dc17812e87","size":77},"_step":10,"PolicyTraining/QfLoss":0.48508334159851074,"TaskEmbedding/MaxCosineSimilarity":-0.9988728761672974,"PolicyTraining/MeanQ1Vals":-26.797725677490234,"TaskEmbedding/TaskEmbeddingChange":[0.9999831914901733,0.9998833537101746],"PolicyTraining/VfLoss":0.8948100805282593,"TaskEmbedding/MeanContrastiveLoss":0.9648985266685486,"_runtime":98.003005}