{"_timestamp":1.7363243213460228e+09,"_wandb":{"runtime":789},"PolicyTraining/MeanQ2Vals":-180.8231964111328,"PolicyTraining/VfLoss":0.45343461632728577,"PolicyTraining/MeanQ1Vals":-180.8231964111328,"PolicyTraining/PolicyLoss":180.49240112304688,"Pairwise Similarity Matrix":{"height":2,"_type":"image-file","sha256":"ba59ca5f036ac44f52be9c64a29a3586f0ac8c4b25a2539b9448f536d4e20e21","size":71,"path":"media/images/Pairwise Similarity Matrix_75_ba59ca5f036ac44f52be.png","format":"png","width":2},"PolicyTraining/MeanVVals":-180.48802185058594,"PolicyTraining/QfLoss":12.613940238952637,"_runtime":776.553087,"_step":75}