{"Embedding/MeanCosineSimilarity":-0.9988728761672974,"Embedding/MaxCosineSimilarity":-0.9988728761672974,"Embedding/MinCosineSimilarity":-0.9988728761672974,"Embedding/StdCosineSimilarity":0,"_wandb":{"runtime":18},"_timestamp":1.7363244134818618e+09,"_runtime":17.663072,"_step":1}