{"MetaTest/rollouts":{"width":640,"height":480,"_type":"image-file","sha256":"8e2070f8d8087f972a9b8c4529d5a4d8795b7a20399035a1a9e23b7f01cecffc","size":25805,"path":"media/images/MetaTest/rollouts_12_8e2070f8d8087f972a9b.png","format":"png"},"_runtime":99.126013,"TaskEmbeddingRelationship/MeanCosineSimilarity (higher is worse)":-0.9589145183563232,"PolicyTraining/MeanVVals":-22.11379623413086,"PolicyTraining/PolicyLoss":22.0862979888916,"PolicyTraining/VfLoss":1.4014883041381836,"TaskEmbeddingRelationship/StdCosineSimilarity (higher is worse)":0,"TaskEmbedding/MeanContrastiveLoss":0.990707516670227,"_step":16,"TaskEmbeddingOverEpisodes/MeanTaskEmbeddingChange":0.9778549671173096,"TaskEmbeddingOverEpisodes/MinTaskEmbeddingChange":0.9677183032035828,"TaskEmbeddingRelationship/MaxCosineSimilarity (higher is worse)":-0.9589145183563232,"TaskEmbeddingRelationship/MinCosineSimilarity (higher is worse)":-0.9589145183563232,"PolicyTraining/MeanQ2Vals":-23.319015502929688,"PolicyTraining/QfLoss":0.877625584602356,"MetaTrain/rollouts":{"width":640,"height":480,"_type":"image-file","sha256":"3cc3039bfc26963037de031b6a2e49dbbe9a7483b75025516136001e3e1efcbe","size":18335,"path":"media/images/MetaTrain/rollouts_16_3cc3039bfc26963037de.png","format":"png"},"_timestamp":1.7363346522894888e+09,"PolicyTraining/MeanQ1Vals":-23.319015502929688,"_wandb":{"runtime":99},"TaskEmbeddingOverEpisodes/MaxTaskEmbeddingChange":0.9879916906356812,"TaskEmbedding/MeanTaskEmbedding":[[0.23689962923526764,0.6258852481842041,-0.14977923035621643,0.2568161189556122,-0.6808866262435913],[-0.26585596799850464,-0.6583620309829712,-0.11899374425411224,-0.31896471977233887,0.6163432002067566]]}