{"TaskEmbeddingOverEpisodes/MinTaskEmbeddingChange":-0.9982032775878906,"TaskEmbeddingRelationship/MinCosineSimilarity (higher is worse)":0.9999971389770508,"TaskEmbedding/MeanContrastiveLoss":2.5649466514587402,"PolicyTraining/MeanQ2Vals":-17.532779693603516,"_wandb":{"runtime":90},"PolicyTraining/PolicyLoss":16.310806274414062,"_timestamp":1.7363340950096169e+09,"PolicyTraining/MeanVVals":-2.434213638305664,"_runtime":88.125846,"TaskEmbeddingRelationship/MeanCosineSimilarity (higher is worse)":0.9999971389770508,"TaskEmbeddingOverEpisodes/MaxTaskEmbeddingChange":0.999676525592804,"PolicyTraining/QfLoss":43.660797119140625,"TaskEmbeddingRelationship/StdCosineSimilarity (higher is worse)":0,"PolicyTraining/MeanQ1Vals":-17.532779693603516,"TaskEmbeddingOverEpisodes/MeanTaskEmbeddingChange":0.000736624002456665,"_step":10,"TaskEmbedding/MeanTaskEmbedding":[[-0.4869360625743866,-0.37705251574516296,-0.42083224654197693,-0.024532878771424294,-0.6655995845794678],[-0.48574143648147583,-0.3759590685367584,-0.4211403727531433,-0.023436877876520157,-0.6669334173202515]],"PolicyTraining/VfLoss":199.31820678710938,"TaskEmbeddingRelationship/MaxCosineSimilarity (higher is worse)":0.9999971389770508}