{"PolicyTraining/PolicyLoss":218.76910400390625,"TaskEmbedding/MinCosineSimilarity":0.9994290471076965,"PolicyTraining/MeanVVals":-218.0943145751953,"PolicyTraining/VfLoss":1.6323343515396118,"TaskEmbedding/MaxCosineSimilarity":0.9994290471076965,"TaskEmbedding/MeanTaskEmbeddingChange":0.9998637437820435,"_runtime":957.554056,"TaskEmbedding/StdCosineSimilarity":0,"_timestamp":1.736326542684684e+09,"TaskEmbedding/MeanContrastiveLoss":2.564578056335449,"TaskEmbedding/MinTaskEmbeddingChange":0.9997451901435852,"TaskEmbedding/MeanTaskEmbedding":{"_type":"image-file","sha256":"c4ae1b24492202f97201120fb517c39e3115b24a09620311dd4567dc8590c13e","size":77,"path":"media/images/TaskEmbedding/MeanTaskEmbedding_136_c4ae1b24492202f97201.png","format":"png","width":5,"height":2},"PolicyTraining/MeanQ1Vals":-218.61265563964844,"TaskEmbedding/MaxTaskEmbeddingChange":0.9999822974205017,"PolicyTraining/QfLoss":13.620220184326172,"TaskEmbedding/MeanCosineSimilarity":0.9994290471076965,"PolicyTraining/MeanQ2Vals":-218.61265563964844,"_step":137,"_wandb":{"runtime":967}}